Name,r,CEGuS Status,Time,k,|S_L|,|S|,|C|
fossil_nonpoly0,1.0,FOUND,0.8092164751142263,1,16,53,84
fossil_nonpoly1,1.0,FOUND,0.7781298719346523,1,16,96,170
fossil_nonpoly2,1.0,FOUND,7.521485073491931,1,56,1007,6092
fossil_nonpoly3,1.0,FOUND,47.73473256826401,1,56,2589,16353
fossil_poly2,1.0,FOUND,1.8435651455074549,1,16,308,594
fossil_poly3,1.0,FOUND,7.547555154189467,1,16,2407,4792
fossil_poly4,1.0,FOUND,4.239811606705189,1,16,1111,2200
